{
  "USA": {
    "gbm": {
      "mae": 1.1509510937339353,
      "std": 0.7251726833334258,
      "feature_importance": {
        "exports": 0.23685325974106902,
        "retail_sales": 0.14182889151256073,
        "unemployment": 0.13217904671244618,
        "stock_market": 0.10288169339333814,
        "gdp_lag4": 0.09003120877001987
      }
    },
    "rf": {
      "mae": 1.1626833268309225,
      "std": 0.7404137220754062,
      "feature_importance": {
        "gdp_lag1": 0.25847248495270325,
        "industrial": 0.19888020080625418,
        "oil_price_change": 0.08370058571231992,
        "gdp_lag4": 0.07871677574980157,
        "stock_market": 0.07250517057907456
      }
    },
    "ridge": {
      "mae": 1.504301099216485,
      "std": 0.4652481826898131,
      "feature_importance": {
        "retail_sales": 0.9411886239793293,
        "unemployment": 0.8737941601312748,
        "cpi": 0.666423636509207,
        "industrial": 0.6390750631131565,
        "exports": 0.4982513207466346
      }
    },
    "elastic": {
      "mae": 1.2061256294865332,
      "std": 0.5482963589233754,
      "feature_importance": {
        "retail_sales": 0.7082198687253756,
        "industrial": 0.7070777321409336,
        "unemployment": 0.6966283578542042,
        "gdp_lag4": 0.4791572186887002,
        "exports": 0.1636021976354488
      }
    }
  },
  "JPN": {
    "gbm": {
      "mae": 1.5379818267430458,
      "std": 0.9810194556460401,
      "feature_importance": {
        "industrial": 0.5203852134776794,
        "exports": 0.13554537490191354,
        "cpi": 0.08540585096126811,
        "gdp_lag1": 0.07127382263708582,
        "global_uncertainty": 0.06578678655500407
      }
    },
    "rf": {
      "mae": 1.6914484722506777,
      "std": 1.172382209113853,
      "feature_importance": {
        "industrial": 0.6348153501363749,
        "gdp_lag1": 0.24682482775810946,
        "gdp_lag4": 0.04309224197226502,
        "gdp_lag2": 0.02598398872963548,
        "exports": 0.018965236293393545
      }
    },
    "ridge": {
      "mae": 1.7127731577083685,
      "std": 1.1942109952410536,
      "feature_importance": {
        "industrial": 1.5252531081924878,
        "global_uncertainty": 0.8032385699399395,
        "exports": 0.506214193313851,
        "cpi": 0.4962080706106982,
        "gdp_lag4": 0.33143391061331906
      }
    },
    "elastic": {
      "mae": 1.5328382326705208,
      "std": 1.052769665046309,
      "feature_importance": {
        "industrial": 1.154638061356942,
        "global_uncertainty": 0.7664561699010073,
        "cpi": 0.38872636686204615,
        "gdp_lag4": 0.31389548463151357,
        "oil_price_change": 0.2153761375496106
      }
    }
  },
  "DEU": {
    "gbm": {
      "mae": 1.3520015956605347,
      "std": 0.7224222992593239,
      "feature_importance": {
        "industrial": 0.42857010395266754,
        "global_uncertainty": 0.16079300999582757,
        "gdp_lag1": 0.13588579130633735,
        "exports": 0.13319584357015732,
        "oil_price_change": 0.07786464161668831
      }
    },
    "rf": {
      "mae": 1.49877337168296,
      "std": 0.8204164940130204,
      "feature_importance": {
        "industrial": 0.45539690333443594,
        "gdp_lag1": 0.44055721710107976,
        "global_uncertainty": 0.03466300812983497,
        "exports": 0.03109800550562992,
        "gdp_lag2": 0.012232811729765695
      }
    },
    "ridge": {
      "mae": 1.261511821127872,
      "std": 0.2189308160573638,
      "feature_importance": {
        "industrial": 2.132187324355699,
        "global_uncertainty": 0.40615442503607035,
        "gdp_lag2": 0.36138556831419383,
        "gdp_lag1": 0.23386725939323583,
        "gdp_lag4": 0.18411610326124783
      }
    },
    "elastic": {
      "mae": 1.162590657819529,
      "std": 0.3701641423569008,
      "feature_importance": {
        "industrial": 1.9119002714450155,
        "global_uncertainty": 0.3755947135429625,
        "gdp_lag2": 0.29340016468279845,
        "gdp_lag1": 0.24732594455325052,
        "gdp_lag4": 0.11252898687286358
      }
    }
  },
  "GBR": {
    "gbm": {
      "mae": 3.3899732420114383,
      "std": 2.014420783593937,
      "feature_importance": {
        "oil_price_change": 0.28158724005909896,
        "gdp_lag1": 0.27641784214865733,
        "gdp_lag4": 0.16570723106684318,
        "global_uncertainty": 0.10614675754699988,
        "cpi": 0.044522120146302135
      }
    },
    "rf": {
      "mae": 3.3306033715721703,
      "std": 1.8931124601798646,
      "feature_importance": {
        "gdp_lag1": 0.45574576242021125,
        "oil_price_change": 0.4256576282754569,
        "cpi": 0.06412371954484007,
        "gdp_lag2": 0.02670204436285228,
        "global_uncertainty": 0.016555120281488176
      }
    },
    "ridge": {
      "mae": 3.3557913099735006,
      "std": 2.036254089954762,
      "feature_importance": {
        "cpi": 2.1007655797314486,
        "gdp_lag4": 1.9576394496961746,
        "industrial": 1.6755004643981615,
        "gdp_lag1": 1.6441591744200914,
        "global_uncertainty": 1.0326297559518767
      }
    },
    "elastic": {
      "mae": 3.542997490664773,
      "std": 1.967965412404477,
      "feature_importance": {
        "gdp_lag1": 1.5511101383440753,
        "cpi": 1.5085310817144109,
        "industrial": 1.4640556957656146,
        "gdp_lag4": 1.429466918949597,
        "oil_price_change": 1.0212377603448506
      }
    }
  },
  "FRA": {
    "gbm": {
      "mae": 1.7695181219814502,
      "std": 1.4830400989379133,
      "feature_importance": {
        "unemployment": 0.1941296145288892,
        "industrial": 0.1919885999727705,
        "oil_price_change": 0.14823978627743384,
        "exports": 0.12962840968798395,
        "gdp_lag1": 0.12570438193996977
      }
    },
    "rf": {
      "mae": 1.6899135126493405,
      "std": 1.4733073409586381,
      "feature_importance": {
        "industrial": 0.3210789306979587,
        "gdp_lag1": 0.2717639927978057,
        "oil_price_change": 0.12290233129583293,
        "retail_sales": 0.06724400170572846,
        "housing": 0.04513641996569328
      }
    },
    "ridge": {
      "mae": 1.8103136963511972,
      "std": 0.9185792129060497,
      "feature_importance": {
        "retail_sales": 2.1022741459807333,
        "unemployment": 1.4907777520445826,
        "industrial": 0.9514816846599571,
        "pmi_manufacturing": 0.7546168212499672,
        "cpi": 0.6864494361385572
      }
    },
    "elastic": {
      "mae": 1.9568182751495915,
      "std": 1.167991388881324,
      "feature_importance": {
        "retail_sales": 1.372112179972736,
        "industrial": 1.267159728942264,
        "unemployment": 0.7962194713424536,
        "global_uncertainty": 0.5264968452746281,
        "gdp_lag4": 0.4453847136283505
      }
    }
  },
  "KOR": {
    "gbm": {
      "mae": 1.1351506750095166,
      "std": 0.4288816152677177,
      "feature_importance": {
        "gdp_lag4": 0.3528033470472848,
        "gdp_lag1": 0.17343649013979545,
        "exports": 0.12111881288644123,
        "money_supply": 0.062256641591548326,
        "pmi_manufacturing": 0.05982768654593246
      }
    },
    "rf": {
      "mae": 1.1432162852708119,
      "std": 0.5345711973055777,
      "feature_importance": {
        "gdp_lag1": 0.38013755886175643,
        "gdp_lag4": 0.2769757244131995,
        "industrial": 0.0985698544831676,
        "money_supply": 0.07282005777680615,
        "oil_price_change": 0.04069098336979396
      }
    },
    "ridge": {
      "mae": 1.319612093588598,
      "std": 0.6420995055907084,
      "feature_importance": {
        "unemployment": 0.9886950714310353,
        "pmi_manufacturing": 0.88554607738091,
        "imports": 0.6944954334371924,
        "gdp_lag4": 0.5387464068953528,
        "oil_price_change": 0.47874187427146386
      }
    },
    "elastic": {
      "mae": 1.0901324294785442,
      "std": 0.4698398458393807,