{
  "USA": {
    "training_performance": {
      "gbm": {
        "mae": 1.1509510937339353,
        "std": 0.7251726833334258,
        "feature_importance": {
          "exports": 0.23685325974106902,
          "retail_sales": 0.14182889151256073,
          "unemployment": 0.13217904671244618,
          "stock_market": 0.10288169339333814,
          "gdp_lag4": 0.09003120877001987
        }
      },
      "rf": {
        "mae": 1.1626833268309225,
        "std": 0.7404137220754062,
        "feature_importance": {
          "gdp_lag1": 0.25847248495270325,
          "industrial": 0.19888020080625418,
          "oil_price_change": 0.08370058571231992,
          "gdp_lag4": 0.07871677574980157,
          "stock_market": 0.07250517057907456
        }
      },
      "ridge": {
        "mae": 1.504301099216485,
        "std": 0.4652481826898131,
        "feature_importance": {
          "retail_sales": 0.9411886239793293,
          "unemployment": 0.8737941601312748,
          "cpi": 0.666423636509207,
          "industrial": 0.6390750631131565,
          "exports": 0.4982513207466346
        }
      },
      "elastic": {
        "mae": 1.2061256294865332,
        "std": 0.5482963589233754,
        "feature_importance": {
          "retail_sales": 0.7082198687253756,
          "industrial": 0.7070777321409336,
          "unemployment": 0.6966283578542042,
          "gdp_lag4": 0.4791572186887002,
          "exports": 0.1636021976354488
        }
      }
    },
    "backtest": {
      "gbm": {
        "mae": 0.2465481481142993,
        "rmse": 0.36315311326209315,
        "r2": 0.5551366085985345
      },
      "rf": {
        "mae": 0.34921978681234606,
        "rmse": 0.4329015234400445,
        "r2": 0.3678424148230103
      },
      "ridge": {
        "mae": 0.3660632756434595,
        "rmse": 0.4373559010230118,
        "r2": 0.3547662047178558
      },
      "elastic": {
        "mae": 0.4568138297948667,
        "rmse": 0.5263155621722853,
        "r2": 0.0655855453585178
      },
      "ensemble": {
        "mae": 0.28628561335615804,
        "rmse": 0.3465850682349285,
        "r2": 0.5948024399120113
      },
      "actual": [
        2.296385574228066,
        1.3163292014694905,
        2.280809081508517,
        2.8294617391073418,
        3.2363075652528384,
        3.1962170406030888,
        2.9018317949903505,
        3.0368486000836192,
        2.7187692444378797,
        2.533683788751162,
        1.991763088930587,
        2.0663018529268884
      ],
      "predicted": [
        2.338976020743503,
        2.006009425935576,
        2.0779873364356227,
        2.6800244127974784,
        2.9761298611033737,
        2.941648007385459,
        2.56669733407871,
        2.6784746348264488,
        2.6831364087555034,
        2.759934373989617,
        2.6406389860565764,
        2.2981849892537793
      ],
      "dates": [
        "2022-07-01",
        "2022-10-01",
        "2023-01-01",
        "2023-04-01",
        "2023-07-01",
        "2023-10-01",
        "2024-01-01",
        "2024-04-01",
        "2024-07-01",
        "2024-10-01",
        "2025-01-01",
        "2025-04-01"
      ]
    },
    "status": "success"
  },
  "CHN": {
    "status": "no_data"
  },
  "JPN": {
    "training_performance": {
      "gbm": {
        "mae": 1.5379818267430458,
        "std": 0.9810194556460401,
        "feature_importance": {
          "industrial": 0.5203852134776794,
          "exports": 0.13554537490191354,
          "cpi": 0.08540585096126811,
          "gdp_lag1": 0.07127382263708582,
          "global_uncertainty": 0.06578678655500407
        }
      },
      "rf": {
        "mae": 1.6914484722506777,
        "std": 1.172382209113853,
        "feature_importance": {
          "industrial": 0.6348153501363749,
          "gdp_lag1": 0.24682482775810946,
          "gdp_lag4": 0.04309224197226502,
          "gdp_lag2": 0.02598398872963548,
          "exports": 0.018965236293393545
        }
      },
      "ridge": {
        "mae": 1.7127731577083685,
        "std": 1.1942109952410536,
        "feature_importance": {
          "industrial": 1.5252531081924878,
          "global_uncertainty": 0.8032385699399395,
          "exports": 0.506214193313851,
          "cpi": 0.4962080706106982,
          "gdp_lag4": 0.33143391061331906
        }
      },
      "elastic": {
        "mae": 1.5328382326705208,
        "std": 1.052769665046309,
        "feature_importance": {
          "industrial": 1.154638061356942,
          "global_uncertainty": 0.7664561699010073,
          "cpi": 0.38872636686204615,
          "gdp_lag4": 0.31389548463151357,
          "oil_price_change": 0.2153761375496106
        }
      }
    },
    "backtest": {
      "gbm": {
        "mae": 0.8003248586373283,
        "rmse": 1.0042125478320463,
        "r2": 0.9399851361975108
      },
      "rf": {
        "mae": 1.9860978543102477,
        "rmse": 2.924227069265004,
        "r2": 0.49110319583904316
      },
      "ridge": {
        "mae": 1.448248396710808,
        "rmse": 1.792289704194459,
        "r2": 0.8088281435762992
      },
      "elastic": {
        "mae": 1.3178994837226872,
        "rmse": 1.7432092561887191,
        "r2": 0.8191549674406113
      },
      "ensemble": {
        "mae": 1.177178205754582,
        "rmse": 1.4615002371829424,
        "r2": 0.8728825073811517
      },
      "actual": [
        0.6343582732101893,
        -2.044616120348064,
        -1.7687689649534377,
        -9.619336943126001,
        -4.9158719707597776,
        -0.40260559903183557,
        -0.6746483458420549,
        8.242370393339549,
        2.252556611870027,
        1.6664509916539227,
        0.9285459297389442,
        1.2658018642710767
      ],
      "predicted": [
        -0.1204544662199766,
        -1.6242987224629406,
        -1.0761889385247119,
        -7.974241231822921,
        -5.539677018089642,
        -2.508120836932301,
        -1.2587605747946322,
        5.724690951216036,
        4.641202760389604,
        1.4939669899040093,
        1.0403037369308517,
        -0.8435308159689964
      ],
      "dates": [
        "2019-07-01",
        "2019-10-01",
        "2020-01-01",
        "2020-04-01",
        "2020-07-01",
        "2020-10-01",
        "2021-01-01",
        "2021-04-01",
        "2021-07-01",
        "2021-10-01",
        "2022-01-01",
        "2022-04-01"
      ]
    },
    "status": "success"
  },
  "DEU": {
    "training_performance": {
      "gbm": {
        "mae": 1.3520015956605347,
        "std": 0.7224222992593239,
        "feature_importance": {
          "industrial": 0.42857010395266754,
          "global_uncertainty": 0.16079300999582757,
          "gdp_lag1": 0.13588579130633735,
          "exports": 0.13319584357015732,
          "oil_price_change": 0.07786464161668831
        }
      },
      "rf": {
        "mae": 1.49877337168296,
        "std": 0.8204164940130204,
        "feature_importance": {
          "industrial": 0.45539690333443594,
          "gdp_lag1": 0.44055721710107976,
          "global_uncertainty": 0.03466300812983497,
          "exports": 0.03109800550562992,
          "gdp_lag2": 0.012232811729765695
        }
      },
      "ridge": {
        "mae": 1.261511821127872,
        "std": 0.2189308160573638,
        "feature_importance": {
          "industrial": 2.132187324355699,
          "global_uncertainty": 0.40615442503607035,
          "gdp_lag2": 0.36138556831419383,
          "gdp_lag1": 0.23386725939323583,
          "gdp_lag4": 0.18411610326124783
        }
      },
      "elastic": {
        "mae": 1.162590657819529,
        "std": 0.3701641423569008,
        "feature_importance": {
          "industrial": 1.9119002714450155,
          "global_uncertainty": 0.3755947135429625,
          "gdp_lag2": 0.29340016468279845,
          "gdp_lag1": 0.24732594455325052,
          "gdp_lag4": 0.11252898687286358
        }
      }
    },
    "backtest": {
      "gbm": {
        "mae": 0.22687037673566582,