{
  "USA": {
    "gbm": 2.0153472560269603,
    "rf": 1.537108468581338,
    "ridge": 1.2195680545256966,
    "elastic": 2.6723768869538453,
    "ensemble": 1.8611001665219602,
    "confidence": 0.6713252698390053
  },
  "JPN": {
    "gbm": 1.1945118502490462,
    "rf": 0.4170310222728577,
    "ridge": -1.2516671852927748,
    "elastic": -0.5776560215155441,
    "ensemble": -0.05444508357160374,
    "confidence": 0.5448471920374475
  },
  "DEU": {
    "gbm": 0.6833409662195733,
    "rf": 0.42764314846167806,
    "ridge": 3.0989445824906143,
    "elastic": 1.8675692929331444,
    "ensemble": 1.5193744975262526,
    "confidence": 0.5129697915221646
  },
  "GBR": {
    "gbm": 0.6167570365261267,
    "rf": -0.6858509930311019,
    "ridge": 6.66804697216414,
    "elastic": 5.687506048304253,
    "ensemble": 3.071614765990854,
    "confidence": 0.2613920436453672
  },
  "FRA": {
    "gbm": 0.8947298625471999,
    "rf": -0.04086293960290508,
    "ridge": 0.09108760453144193,
    "elastic": 1.5688819931370932,
    "ensemble": 0.6284591301532074,
    "confidence": 0.6322187065766852
  },
  "KOR": {
    "gbm": 5.111626210947476,
    "rf": 3.5315198575041324,
    "ridge": 3.721656186718393,
    "elastic": 3.494993644693567,
    "ensemble": 3.964948974965892,
    "confidence": 0.6261258859662632
  }
}