{
  "unique_domains": 18,
  "articles_ingested": 80,
  "words_ingested": 11010,
  "fetch_success_rate": 0.6764705882352942,
  "timeout_rate": 0.07647058823529412,
  "headless_usage_rate": 0.0,
  "p50_fetch_latency_ms": 745,
  "p95_fetch_latency_ms": 5882,
  "p99_fetch_latency_ms": 8597,
  "avg_fetch_latency_ms": 1432.3347826086956,
  "avg_doc_length": 137.625,
  "p95_doc_length": 263,
  "top1_source_share": 0.23115349682107175,
  "top3_source_share": 0.5746594005449591,
  "top1_source_domain": "bbc.com",
  "fraction_published_24h": 1.0,
  "median_article_age_hours": 9.96526120125,
  "dedup_drop_rate": 0.0,
  "robots_denied_count": 0,
  "circuit_opened_count": 0,
  "runtime_seconds": 61.91368913650513
}