{
  "timestamp": "2025-09-17T19:28:59.748982",
  "n_observations": 49,
  "overall_metrics": {
    "model": {
      "mae": 1.5265306122448978,
      "rmse": 2.926863613536664,
      "mape": 55.07876649076155,
      "bias": -0.7387755102040814,
      "std": 2.832091339940786,
      "n": 49
    },
    "consensus": {
      "mae": 1.4448979591836735,
      "rmse": 2.817728133928945,
      "mape": 54.71756713279816,
      "bias": -0.7183673469387756,
      "std": 2.7246174394925315,
      "n": 49
    },
    "calibrated": {
      "mae": 1.4617132752016595,
      "rmse": 2.837096555146221,
      "mape": 53.314347852815224,
      "bias": -0.6996978105503888,
      "std": 2.7494617358918725,
      "n": 49
    },
    "improvement_vs_consensus": -1.1637718713012928,
    "improvement_vs_model": 4.24605550149556
  },
  "country_metrics": {
    "FRA": {
      "model": {
        "mae": 1.9249999999999998,
        "rmse": 3.783516882478523,
        "mape": 33.15255004048292,
        "bias": -0.6750000000000002,
        "std": 3.7228181529588578,
        "n": 8
      },
      "consensus": {
        "mae": 1.9,
        "rmse": 3.652396473549935,
        "mape": 36.984913892684325,
        "bias": -0.675,
        "std": 3.5894811602792958,
        "n": 8
      },
      "calibrated": {
        "mae": 1.8779680180075293,
        "rmse": 3.6700279837142156,
        "mape": 34.20368230339983,
        "bias": -0.6815655741584767,
        "std": 3.606185487376857,
        "n": 8
      },
      "improvement_vs_consensus": 1.159577999603715,
      "improvement_vs_model": 2.4432198437647012
    },
    "KOR": {
      "model": {
        "mae": 1.0,
        "rmse": 1.5256146302392357,
        "mape": 68.81584979681044,
        "bias": -0.8999999999999999,
        "std": 1.231868499475492,
        "n": 8
      },
      "consensus": {
        "mae": 0.7999999999999998,
        "rmse": 1.284523257866513,
        "mape": 56.35371100653751,
        "bias": -0.49999999999999994,
        "std": 1.1832159566199232,
        "n": 8
      },
      "calibrated": {
        "mae": 0.8346697094492601,
        "rmse": 1.3188324934562594,
        "mape": 58.4891832014268,
        "bias": -0.5923070117677671,
        "std": 1.1783427131385813,
        "n": 8
      },
      "improvement_vs_consensus": -4.333713681157537,
      "improvement_vs_model": 16.53302905507399
    },
    "USA": {
      "model": {
        "mae": 1.2444444444444442,
        "rmse": 2.2201101073795617,
        "mape": 37.1041131192646,
        "bias": -0.3555555555555555,
        "std": 2.1914536581462243,
        "n": 9
      },
      "consensus": {
        "mae": 1.2666666666666666,
        "rmse": 2.1827607391659867,
        "mape": 39.07588442244545,
        "bias": -0.4222222222222223,
        "std": 2.141535159530698,
        "n": 9
      },
      "calibrated": {
        "mae": 1.2455210123007276,
        "rmse": 2.197159001009265,
        "mape": 37.63143831028164,
        "bias": -0.3840656496681616,
        "std": 2.1633310547535265,
        "n": 9
      },
      "improvement_vs_consensus": 1.6693937657320232,
      "improvement_vs_model": -0.08650991702277369
    },
    "JPN": {
      "model": {
        "mae": 1.15,
        "rmse": 1.9621416870348585,
        "mape": 67.27484861100078,
        "bias": -0.4,
        "std": 1.9209372712298545,
        "n": 8
      },
      "consensus": {
        "mae": 1.125,
        "rmse": 1.8748333259252674,
        "mape": 79.5439892901407,
        "bias": -0.675,
        "std": 1.7491069149711804,
        "n": 8
      },
      "calibrated": {
        "mae": 1.1346121135309621,
        "rmse": 1.896739218913329,
        "mape": 68.65441818502477,
        "bias": -0.5020069119485918,
        "std": 1.829100523459491,
        "n": 8
      },
      "improvement_vs_consensus": -0.8544100916410792,
      "improvement_vs_model": 1.338077084264154
    },
    "GBR": {
      "model": {
        "mae": 2.6500000000000004,
        "rmse": 4.538722287164087,
        "mape": 75.25089741984507,
        "bias": -1.2500000000000002,
        "std": 4.363198368169845,
        "n": 8
      },
      "consensus": {
        "mae": 2.4625000000000004,
        "rmse": 4.4078055764745345,
        "mape": 69.67296227365173,
        "bias": -1.0625000000000002,
        "std": 4.277831664523512,
        "n": 8
      },
      "calibrated": {
        "mae": 2.5147887553639006,
        "rmse": 4.431568528170103,
        "mape": 71.2991970584585,
        "bias": -1.1222887553639005,
        "std": 4.2871048003811945,
        "n": 8
      },
      "improvement_vs_consensus": -2.123401233051785,
      "improvement_vs_model": 5.102311118343388
    },
    "DEU": {
      "model": {
        "mae": 1.225,
        "rmse": 2.4150569351466644,
        "mape": 51.12117162860268,
        "bias": -0.8999999999999999,
        "std": 2.2410934831014973,
        "n": 8
      },
      "consensus": {
        "mae": 1.1375,
        "rmse": 2.310032467304302,
        "mape": 48.629152250123305,
        "bias": -1.0125,
        "std": 2.0763173529111585,
        "n": 8
      },
      "calibrated": {
        "mae": 1.1897440754201953,
        "rmse": 2.3291738493690093,
        "mape": 51.568531751116474,
        "bias": -0.955406980505714,
        "std": 2.124205338988066,
        "n": 8
      },
      "improvement_vs_consensus": -4.5928857512259675,
      "improvement_vs_model": 2.8780346595758983
    }
  },
  "statistical_tests": {
    "diebold_mariano": {
      "statistic": 2.303671420505763,
      "p_value": 0.021241095314222358,
      "significant": "True",
      "interpretation": "No significant difference"
    },
    "paired_t_test": {
      "statistic": 0.9320068399327623,
      "p_value": 0.3559973812163416,
      "significant": "False"
    },
    "n_pairs": 49
  },
  "alpha_stability": {
    "mean": 0.4490800251802018,
    "std": 0.2169726708565932,
    "min": 0.15,
    "max": 0.9,
    "pct_at_bounds": 22.448979591836736,
    "autocorrelation": -0.12202028835999082
  },
  "success_criteria": {
    "lower_mae_than_consensus": false,
    "mae_improvement_pct": -4.5928857512259675,
    "countries_beating_consensus": 2,
    "statistical_significance": "True",
    "alpha_stability": true,
    "overall_success": false
  },
  "ci_validation": {
    "overall_status": "WARN",
    "critical_failures": 0,
    "warnings": 1,
    "checks": {
      "performance_regression": {
        "status": "PASS",
        "message": "",
        "critical": true
      },
      "statistical_significance": {
        "status": "PASS",
        "message": "",
        "critical": true
      },
      "alpha_stability": {
        "status": "PASS",
        "message": "",
        "critical": false
      },
      "country_coverage": {
        "status": "WARN",
        "message": "Only 2/6 countries improved",
        "critical": true
      },
      "guardrail_overuse": {
        "status": "PASS",
        "message": "",
        "critical": false
      },
      "extreme_outliers": {
        "status": "PASS",
        "message": "",
        "critical": true
      }
    },
    "summary": "0 critical failures, 1 warnings"
  }
}